{
    "loss": 34.436439514160156,
    "accuracy": 0.4313725531101227
}