{
    "loss": 48.38203811645508,
    "accuracy": 0.5686274766921997
}